氏名,氏名（カタカナ）,携帯電話,メールアドレス,郵便番号,住所,,,,
大沼淳三,オオヌマジュンゾウ,08035899727,uoonuma@yjrgtmp.as.fd,989-0914,宮城県,刈田郡蔵王町,遠刈田温泉旭町,4-16-4,
長井桜,ナガイサクラ,09076133798,sakura5823@mkeih.rgx,770-0872,徳島県,徳島市,北沖洲,4-16,
宇田川雅美,ウダガワマサミ,09046810871,masamiudagawa@qupwtc.jyk,271-0072,千葉県,松戸市,竹ケ花,2-2,
比嘉一輝,ヒガカズキ,09095790453,kazuki85850@epwhvyczgh.maxhb.wi,999-3225,山形県,上山市,楢下,2-20-13,楢下荘204
池田麻里,イケダマリ,08050887046,mari056@mskwnej.rna,698-0213,島根県,益田市,美都町朝倉,3-9-1,
徳田基之,トクダモトユキ,09073101574,Motoyuki_Tokuda@ehuudhx.tb,378-0041,群馬県,沼田市,榛名町,2-2-15,榛名町シーサイド313
櫻井璃羽,サクライアキハ,08045547667,asakurai@hasyjiuwj.idm,648-0034,和歌山県,橋本市,南宿,1-14-18,
沢村次郎,サワムラジロウ,09077810532,jirou_sawamura@vdzwfq.ko.axl,905-0604,沖縄県,島尻郡伊是名村,伊是名,2-7,
吉村樹里,ヨシムラジュリ,09055339111,juriyoshimura@uodvtfurzi.zqh,324-0616,栃木県,那須郡那珂川町,富山,3-14-15,富山ハイツ103
三谷楓香,ミタニフウカ,09011910588,fuuka_mitani@pnihljz.tu.qi,682-0903,鳥取県,倉吉市,北面,2-15-8,
堀越聖蘭,ホリコシセイラ,09088603719,seirahorikoshi@pkczvcnmn.rbnt.toe,892-0802,鹿児島県,鹿児島市,清水町,2-3,
倉本栄伸,クラモトヨシノブ,08063831380,wucmaubypqtyoshinobu86292@uwdxarbdn.cb,981-4335,宮城県,加美郡加美町,新小路,4-10-7,新小路コンフォート410
津村秀,ツムラヒデ,09016098127,hidetsumura@czvxggkssk.ziexx.ga,990-0821,山形県,山形市,北町,1-13-10,
椎名真凛,シイナマリン,08071677514,marin99339@zqkuvsnq.zeh,311-1412,茨城県,鉾田市,玉田,4-12-6,
根本愛良,ネモトアイラ,08089256466,aira429@avnsgh.mf.fo,500-8038,岐阜県,岐阜市,大工町,3-20-2,
栗本裕美,クリモトヒロミ,08099330578,hiromi224@dlhxszk.xm,510-0863,三重県,四日市市,磯津,3-17-17,
加瀬紫,カセユカリ,08089473257,yukari512@mgbjcn.jr.iep,527-0111,滋賀県,東近江市,北花沢町,1-15-11,
畑中均,ハタナカヒトシ,08036970382,hitoshi_hatanaka@ezzweuhq.kq,379-0106,群馬県,安中市,下後閑,3-19-4,ロイヤル下後閑204
井上風花,イノウエフウカ,08017289970,Fuuka_Inoue@cnhhhlxe.zc,036-0145,青森県,平川市,岩館山の井,1-8-18,
北村沙奈,キタムラサナ,08022611366,sana5169@ehepucpv.db,905-0004,沖縄県,名護市,中山,4-15-9,
宇田川恒男,ウダガワツネオ,08084723629,tsuneo1874@qpeflntc.ggs.bwx,709-3705,岡山県,久米郡美咲町,打穴上,3-11,タウン打穴上215
秋本泰史,アキモトヤスフミ,09093157651,yasufumiakimoto@qprljzqcoj.ko,384-2203,長野県,佐久市,布施,2-6,布施コート408
樋口敏伸,ヒグチトシノブ,08089703087,Toshinobu_Higuchi@uffuzhs.ezvo.re,350-1156,埼玉県,川越市,中福,4-12-17,中福荘109
山野朋香,ヤマノトモカ,08034357557,tomoka896@bmzvphzreu.bq,842-0051,佐賀県,神埼市,千代田町黒井,4-18-6,
南部和雄,ナンブカズオ,08089863863,onambu@fptwwsq.eoa.qk,520-2417,滋賀県,野洲市,下堤,4-12-10,
中弘之,ナカヒロユキ,09063757165,hiroyuki_naka@bpxravm.yjv,417-0826,静岡県,富士市,中里,2-17-12,スイート中里106
竹田亨,タケダトオル,09099626013,tooru_takeda@bveiewf.lpx,910-3255,福井県,福井市,大年町,1-18-12,
沖田道世,オキタミチヨ,08065241489,michiyo18102@sjqumu.vdrc.af,252-1134,神奈川県,綾瀬市,寺尾南,4-15-19,
児玉江民,コダマエミ,08063319727,emi164@cqnava.jg.jd,602-0037,京都府,京都市上京区,瓢箪図子町,3-20-14,テラス瓢箪図子町110
岸田由太郎,キシダヨシタロウ,09031708532,ukishida@zkaegfgia.xqik.at,413-0508,静岡県,賀茂郡河津町,小鍋,2-19-18,小鍋荘305
田淵利明,タブチトシアキ,08090181283,toshiaki3836@uohtidxfit.tvg,669-4264,兵庫県,丹波市,春日町松森,3-5-10,
赤坂和恵,アカサカカズエ,08033086130,Kazue_Akasaka@belrw.ss,694-0305,島根県,大田市,大森町,3-18-19,プレイス大森町406
藤岡真緒,フジオカマオ,08022817729,mao_fujioka@vexmqbgwhb.xk.pnj,670-0944,兵庫県,姫路市,阿保,1-15-1,阿保ステージ305
小関信二,オゼキシンジ,08088752112,Shinji_Ozeki@xwrsnpjn.kaw,101-0029,東京都,千代田区,神田相生町,2-9,
荒川幸次,アラカワコウジ,09055045126,kouji_arakawa@kuoiat.kyd,891-3604,鹿児島県,熊毛郡中種子町,野間,3-10,野間ランド403
塩崎真凛,シオザキマリン,08074923940,marin31276@uzmzgwhk.vz.ez,640-8022,和歌山県,和歌山市,住吉町,3-17,
今潤,コンジュン,09086368924,nkon@gtcj.el,321-3628,栃木県,芳賀郡茂木町,深沢,1-20-20,
三上奈乃羽,ミカミナノハ,08037179478,nanoha032@ywewbosdjo.hj,878-0155,大分県,竹田市,志土知,4-2-17,志土知コート317
野間謙多郎,ノマケンタロウ,09057406917,kentarou3820@mnomyk.db.pgl,848-0145,佐賀県,伊万里市,黒川町椿原,2-4-2,黒川町椿原スカイ215
相川竜一,アイカワリュウイチ,08016475495,ryuuichi00452@slyzzcc.cbthj.gmu,788-0321,高知県,幡多郡大月町,春遠,1-15,グランド春遠103
山根希,ヤマネノゾミ,09018536815,nozomi184@awsg.rla,036-0378,青森県,黒石市,浜町,1-9-12,
目黒希美,メグロキミ,08081246926,kimi368@ztbuj.xmaw.fo,760-0040,香川県,高松市,片原町,2-1-9,パーク片原町305
戸塚明男,トツカアキオ,,akio360@azrrgkwp.ax,519-2215,三重県,多気郡多気町,朝柄,3-8,ステージ朝柄102
津田琉菜,ツダルナ,09071552149,runa_tsuda@tustemgp.ex,793-0056,愛媛県,西条市,中野丙,4-7-13,中野丙レジデンス419
北尾金次郎,キタオキンジロウ,08060254371,Kinjirou_Kitao@agxdioktgn.ri,761-4403,香川県,小豆郡小豆島町,当浜,2-14,
小栗忍,オグリシノブ,08096451758,shinobu_oguri@oqvxdclvo.mpj,518-0611,三重県,名張市,新田,4-18-7,新田ステージ407
河野好,カワノヨシ,08069045383,yoshi94305@gcwjlhiw.be,630-0267,奈良県,生駒市,仲之町,1-15-20,
福島優子,フクシマユウコ,09042496490,yuukofukushima@niqpvwd.yu,484-0826,愛知県,犬山市,山ノ鼻,1-3-16,
保田香,ヤスダカオル,08097953551,kaoru09309@rttp.axi.tq,039-1563,青森県,三戸郡五戸町,大工窪,3-19,
黒沢利治,クロサワトシハル,08024032956,toshiharu638@ootl.aq,891-0101,鹿児島県,鹿児島市,五ケ別府町,3-5-3,
保田吉雄,ヤスダヨシオ,08013990086,yoshioyasuda@wuatyhsxwr.zlvyk.ya,779-3501,徳島県,吉野川市,美郷宮倉,2-14,
横尾忠司,ヨコオタダシ,09083364078,inrgruatadashi007@urur.usk,770-0051,徳島県,徳島市,北島田町,1-6-19,北島田町コーポ401
三井陽和,ミツイヒヨリ,09057161499,imitsui@brju.vfyy.bk,901-3114,沖縄県,島尻郡久米島町,島尻,3-13-16,
長島啓司,ナガシマケイジ,08095905711,Keiji_Nagashima@lrhsfn.us.cx,901-3805,沖縄県,島尻郡南大東村,在所,3-13-2,
名取昌也,ナトリマサヤ,09099985343,masayanatori@zbbp.jmmbu.lyi,981-2115,宮城県,伊具郡丸森町,稲場,3-19,
斎藤天飛,サイトウアマト,08071519551,amato68947@gnpjxn.wx,241-0801,神奈川県,横浜市旭区,若葉台,1-6-18,若葉台ステージ212
伴秀之,バンヒデユキ,08091816506,Hideyuki_Ban@abwemgl.gii,901-2317,沖縄県,中頭郡北中城村,瑞慶覧,3-9-14,
鹿島美央,カシマミオ,09045078559,ee-tagtponfmio537@sxkwyhgvss.iv,762-0082,香川県,丸亀市,飯山町川原,1-15-17,
関口佐太郎,セキグチサタロウ,08030231214,satarou744@kyigmbudz.mfv.geu,615-8016,京都府,京都市西京区,桂久方町,1-9-20,桂久方町スイート107
根本紫,ネモトユカリ,08066347204,yukari7611@toxc.bl.cit,010-1641,秋田県,秋田市,新屋高美町,3-10,ガーデン新屋高美町309
富田孝次,トミダコウジ,08017589542,itomida@vzzvxrwkg.gwxwv.lul,589-0036,大阪府,大阪狭山市,山本東,3-10-16,
福島千晴,フクシマチハル,08015879272,chiharu189@ccpwa.ove,384-0007,長野県,小諸市,鶴巻,2-5,鶴巻荘306
吉川麻友,ヨシカワマユ,09048343969,mayuyoshikawa@qyebpbjqfx.zm,982-0817,宮城県,仙台市太白区,羽黒台,2-7-3,
桑田徹,クワタトオル,08068309577,Tooru_Kuwata@umwhiuqvt.jrx.zz,762-0063,香川県,坂出市,番の州公園,3-17,
浜田博久,ハマダヒロヒサ,09077702886,Hirohisa_Hamada@kidk.voh.ips,739-1414,広島県,広島市安佐北区,白木町秋山,1-17-16,プラチナ白木町秋山405
米倉晴子,ヨネクラハルコ,09029858152,haruko887@jjntddmxf.iyt,731-5105,広島県,広島市佐伯区,五日市町下小深川,4-17-4,
長島喜久男,ナガシマキクオ,08054647167,kikuo5908@eaovwbx.xe,520-0835,滋賀県,大津市,別保,2-6-20,フォレスト別保413
丹野金次郎,タンノキンジロウ,09021632187,utamno@nlrjbi.ko.pg,769-0102,香川県,高松市,国分寺町国分,4-20,国分寺町国分アパート307
長谷部欧子,ハセベヒロコ,09035786818,hiroko251@xpivxmww.igr,409-2413,山梨県,南巨摩郡身延町,和田,2-3,グリーン和田411
平賀揚子,ヒラガヨウコ,08073751728,vjkunlysituryouko53896@ugvtqbezq.uu,869-0561,熊本県,宇城市,不知火町亀松,4-14-11,
菅井凜,スガイリン,08049445486,rin853@nakzh.vwo,521-1241,滋賀県,東近江市,乙女浜町,2-12-2,
金丸依子,カナマルヨリコ,09053680829,yoriko51596@wxsqieubdb.lf,789-0325,高知県,長岡郡大豊町,北川,3-15-5,北川グリーン112
栗林雅春,クリバヤシマサハル,09073921216,masaharu48233@depecx.vso.yz,952-0604,新潟県,佐渡市,小木町,4-15,
二宮嘉子,ニノミヤヨシコ,09052169298,oninomiya@moqsn.vmpuv.sor,934-0051,富山県,射水市,宮袋,3-3-18,ロイヤルパレス宮袋313
近藤香澄,コンドウカスミ,09054867290,kasumi07034@gnbvevuqyl.ftjkn.qap,343-0104,埼玉県,北葛飾郡松伏町,田島東,4-4-16,
奈良健次郎,ナラケンジロウ,08010974440,kenjirou28172@gpcbrmiea.my.lav,919-0485,福井県,坂井市,春江町取次,1-18-17,
長崎愛音,ナガサキアイネ,08099783683,aine1286@fgzlu.wmr,501-0635,岐阜県,揖斐郡揖斐川町,白樫,2-11,
桑原平吉,クハバラヘイキチ,08076956837,ofqsxhogzyxbmbheikichi3887@fuuw.otm,854-0054,長崎県,諫早市,小ケ倉町,4-2-15,ダイヤモンド小ケ倉町409
海老原健志,エビハラタケシ,09050341021,takeshi228@vayinra.rdj,779-3405,徳島県,吉野川市,山川町大藤谷,3-20,
富岡宏之,トミオカヒロユキ,09084766226,vsdzxxyimvudleshiroyuki24766@yzizmkeue.zr,849-3121,佐賀県,唐津市,厳木町瀬戸木場,1-5-6,
田崎汎平,タザキハンペイ,09081401846,hampeitazaki@cnzlka.fp,013-0321,秋田県,横手市,大雄根田谷地西,2-10-13,
長瀬靖彦,ナガセヤスヒコ,08025869022,yasuhiko92685@tuxtmusp.qm,515-0322,三重県,多気郡明和町,上村,3-16-4,
浜口時夫,ハマグチトキオ,08045425144,tokio_hamaguchi@gyrtbvauvk.ude,778-5251,徳島県,三好市,池田町白地,4-12,
清田麻美,キヨタアサミ,09064213100,asami6177@bbneuhbhin.gg,098-2501,北海道,中川郡音威子府村,音威子府,2-20-4,
福井愛子,フクイアイコ,08058962903,aiko_fukui@wjdzmyzqxo.uum,796-0011,愛媛県,八幡浜市,木多町,2-12-19,
小沢亜紀子,オザワアキコ,09077860808,oozawa@cphwznf.abg.wxy,379-1127,群馬県,渋川市,赤城町樽,4-15,
内山梨花,ウチヤマリカ,08078989207,rika_uchiyama@tltq.qf,963-0904,福島県,郡山市,西田町土棚,3-6-15,
金田千恵子,カナダチエコ,08053818486,okanada@nofztqnv.mwj,734-0044,広島県,広島市南区,西霞町,2-8,リバーサイド西霞町306
大塚加奈,オオツカカナ,08053653761,lbxaberkana1180@tkpfpn.oal,910-2226,福井県,福井市,高田町,3-10,コンフォート高田町210
末永恭之,スエナガヤスユキ,08090504559,isuenaga@ecakdgdjhs.zyj,796-8030,愛媛県,八幡浜市,中津川,3-4-9,中津川ステーション118
松浦圭一郎,マツウラケイイチロウ,09026410481,keiichirou40768@cmnbcyffz.bi,649-6542,和歌山県,紀の川市,東野,1-4,
榊原遙香,サカキバラハルカ,09031239643,haruka64827@sxhjtehy.jbpui.fsf,017-0825,秋田県,大館市,一心院南,4-1-5,
神保泰男,ジンボヤスオ,08038240308,Yasuo_Jimbo@mroyivnp.ne,707-0422,岡山県,美作市,笹岡,3-10-4,
柿崎瑞紀,カキザキミズキ,09054443104,ikakizaki@dxuawpk.fb,522-0353,滋賀県,犬上郡多賀町,月之木,4-18,
中川栄子,ナカガワエイコ,09054769268,eiko2255@dijq.zgpv.rip,394-0047,長野県,岡谷市,川岸中,2-16,
杉野栄一,スギノエイイチ,08060275767,Eiichi_Sugino@ezfg.ic,520-2141,滋賀県,大津市,大江,1-16-11,
木村泉貴,キムラミズキ,08011843180,ikimura@ezeq.xhxc.qc,633-2226,奈良県,宇陀市,菟田野古市場,1-9,菟田野古市場スカイ119
瀬尾忠正,セオタダマサ,09063337118,tadamasa7913@avapntxf.lsg,711-0912,岡山県,倉敷市,児島小川町,4-18,
八木絵理,ヤギエリ,08042785495,eri_yagi@cdpjnzne.ralgl.oz,951-8137,新潟県,新潟市中央区,白山浦新町通,1-19-11,ダイヤモンド白山浦新町通108
湊尚志,ミナトヒサシ,09082400430,hisashi6514@swbd.id,849-3224,佐賀県,唐津市,相知町山崎,1-4-5,
